Zip;Income
00100;27577
00120;27523
00130;30479
00140;29439
00150;26546
00160;28098
00170;28489
00180;26037
00190;25728
00200;27378
00210;30678
00220;23589
00230;0
00240;23045
00250;25958
00260;27031
00270;24383
00280;23438
00290;29092
00300;24187
00310;24419
00320;24401
00330;27900
00340;33289
00350;24178
00360;23575
00370;23334
00380;24049
00390;24086
00400;21471
00410;20863
00420;20687
00430;26859
00440;22067
00500;22007
00510;22916
00520;22305
00530;22939
00540;26249
00550;21339
00560;24927
00570;28005
00580;23957
00590;27865
00600;18699
00610;24268
00620;24966
00630;21578
00640;24082
00650;25005
00660;30035
00670;32095
00680;29228
00690;27220
00700;21449
00710;21377
00720;21751
00730;25683
00740;23060
00750;22679
00760;27107
00770;20194
00780;25574
00790;23201
00800;22255
00810;24307
00820;21175
00830;32597
00840;25360
00850;30567
00860;28340
00870;22176
00880;23239
00890;28908
00900;20273
00910;21403
00920;22284
00930;21315
00940;19611
00950;26512
00960;22356
00970;21382
00980;21143
00990;25165
01120;25573
01150;27286
01180;25919
01190;25588
01200;21162
01230;25768
01260;26412
01280;22890
01300;23668
01340;22504
01350;23402
01360;20212
01370;22316
01380;26947
01390;26738
01400;24035
01420;26795
01450;23640
01480;22882
01490;28685
01510;24875
01520;27693
01530;21428
01600;22075
01610;23863
01620;22544
01630;27762
01640;25673
01650;25287
01660;24143
01670;27586
01680;27299
01690;30719
01700;25749
01710;23369
01720;22546
01730;25888
01740;25381
01750;27550
01760;24841
01770;0
01800;25158
01810;26546
01820;28071
01830;26243
01840;28752
01860;25999
01900;24387
01940;25993
02100;27900
02110;27915
02120;26864
02130;30931
02140;30296
02150;11292
02160;37207
02170;30677
02180;34005
02200;28213
02210;25598
02230;24001
02240;33854
02250;24556
02260;27312
02270;30366
02280;26808
02290;0
02300;32640
02320;23799
02330;28508
02340;28991
02360;24942
02380;31243
02390;25857
02400;24312
02410;19815
02420;29209
02430;23622
02440;27712
02450;35422
02460;26670
02470;22350
02480;28494
02490;24890
02510;24763
02520;25531
02540;25898
02550;24717
02570;24391
02580;24447
02590;25141
02600;24134
02610;22838
02620;25242
02630;26389
02650;24826
02660;28008
02680;29231
02700;30730
02710;25748
02720;26287
02730;32440
02740;26621
02750;28300
02760;23402
02770;22137
02780;26391
02810;29510
02820;26873
02860;25119
02880;27977
02920;28034
02940;27122
02970;27202
02980;21010
03100;23835
03150;25988
03220;25001
03250;26156
03300;25702
03320;23758
03400;23865
03430;25100
03600;20760
03620;22155
03710;23479
03790;25032
03810;20432
03850;20756
03870;21171
04130;24492
04150;25997
04170;25649
04200;22689
04220;25152
04230;25712
04240;26315
04250;22531
04260;23522
04300;25307
04310;27836
04320;25317
04330;30130
04340;25956
04350;25077
04360;25531
04370;26882
04380;25572
04390;28235
04400;23405
04410;23033
04420;26497
04430;26500
04440;21504
04460;27198
04480;27666
04500;25399
04530;26432
04600;22040
04620;27515
04630;22925
04660;24745
04680;24082
04740;22427
04770;22179
04820;26412
04840;23220
04920;24294
04940;21487
05100;25798
05200;25244
05250;23395
05400;24923
05430;25518
05440;28292
05450;24562
05460;23523
05470;23757
05510;20954
05620;26229
05720;25754
05800;21102
05810;26115
05820;23799
05830;23699
05840;23600
05850;0
05860;22947
05880;19151
05900;21347
05950;23704
06100;23337
06150;21630
06200;24327
06400;23212
06450;24809
06500;24734
06530;25880
06650;25880
06750;26549
06830;26047
06850;0
06880;24675
06950;22623
07110;26030
07130;24102
07150;24346
07170;24841
07190;24573
07220;23525
07230;23290
07280;24105
07310;25600
07320;25309
07350;22468
07360;29008
07370;19219
07390;19358
07410;21898
07450;23143
07500;23744
07510;23625
07530;22440
07550;21658
07560;20935
07565;19490
07580;25016
07590;23707
07600;19724
07680;21311
07690;19016
07700;23874
07720;21476
07740;23276
07750;20781
07780;19384
07800;19756
07810;20799
07820;19038
07830;21396
07840;21719
07850;20213
07870;21977
07880;21162
07890;21307
07900;20362
07910;20807
07920;21914
07930;21380
07940;18303
07945;22075
07955;22018
07960;20973
07970;19795
07980;19751
07990;19044
08100;20995
08150;24397
08200;20517
08350;21917
08360;0
08450;20420
08480;24304
08500;24160
08680;27143
08700;22884
08800;25385
09120;20861
09220;22627
09430;23214
09520;24014
09630;23091
09810;20888
09930;19407
10120;23352
10140;26244
10160;27146
10210;22963
10230;22090
10250;20506
10270;19693
10300;20596
10320;20035
10330;22470
10350;0
10360;22844
10380;22328
10410;17532
10420;19162
10440;18508
10470;18330
10480;21046
10520;20869
10570;18351
10600;20139
10620;21774
10640;24468
10650;21010
10660;20917
10680;20919
10710;22705
10820;20919
10900;20150
10940;23180
10960;22010
11100;20229
11120;22683
11130;22200
11310;23831
11710;23564
11910;22446
12100;20114
12130;20826
12170;19084
12210;22543
12240;24141
12310;21658
12350;23118
12380;22747
12400;22893
12450;22826
12520;24830
12540;23773
12600;22570
12630;22198
12640;23806
12700;19304
12750;19009
12820;21674
12920;20725
12950;21257
13100;20359
13110;21605
13130;20110
13200;19984
13210;21447
13220;24296
13250;17205
13270;26445
13300;25522
13330;26049
13430;24614
13500;22444
13530;0
13600;20319
13700;24737
13720;22739
13800;22155
13880;25118
13900;24111
14140;18982
14200;21368
14240;22900
14300;20865
14430;20282
14450;19197
14500;21707
14530;23811
14610;20887
14620;19617
14680;19736
14690;18165
14700;17992
14770;23104
14810;20953
14820;21469
14840;21046
14870;16251
14930;17347
14960;16737
14980;20012
15100;19453
15110;18701
15140;19135
15150;19214
15160;29778
15170;18305
15200;17865
15210;18029
15230;23612
15240;18936
15270;25622
15300;21813
15320;23780
15340;24418
15460;22118
15500;16679
15520;18936
15540;24257
15550;20269
15560;19894
15580;22123
15610;22479
15680;26216
15700;20794
15800;19386
15810;22030
15820;24487
15830;19690
15840;22065
15850;21063
15860;20951
15870;20360
15880;22634
15900;27721
15950;21980
15980;0
16100;20996
16160;17676
16200;17923
16230;18554
16260;16950
16270;18968
16280;21268
16300;20448
16310;23029
16320;24891
16330;21895
16350;19858
16390;22983
16450;20335
16500;23319
16510;21569
16540;20794
16600;20373
16610;21954
16630;22192
16670;19510
16710;24765
16730;24012
16790;21834
16800;19483
16900;19374
16960;19232
16970;13593
17110;23743
17120;24125
17130;22859
17150;22289
17200;19613
17220;17678
17240;17418
17320;19258
17410;18145
17430;18863
17440;18315
17450;19179
17470;19789
17500;17544
17510;19228
17530;18727
17610;17760
17630;17604
17710;18214
17740;18463
17780;18928
17800;17229
17840;18676
17850;16265
17870;17082
17930;16733
17950;0
17970;22328
18100;19534
18120;20776
18130;17622
18150;19614
18200;18178
18300;20464
18600;22408
19110;22020
19120;16456
19160;18378
19210;20092
19230;18488
19250;17978
19260;17039
19310;18501
19320;20672
19370;18066
19410;19428
19420;18354
19430;16531
19460;16092
19470;15994
19480;14684
19510;22985
19540;16326
19600;17178
19610;20105
19620;19201
19630;19958
19650;18167
19670;20231
19700;17226
19730;0
19740;17204
19770;19593
19850;16942
19910;18639
19920;21242
19950;17139
20100;20005
20200;18333
20210;18130
20240;18453
20250;26068
20300;21466
20320;21345
20360;18678
20380;19391
20400;25971
20460;20615
20500;16774
20520;18125
20540;17940
20610;17742
20660;25878
20700;19601
20720;19518
20730;21063
20740;20731
20750;18459
20760;24008
20780;22444
20800;0
20810;21191
20880;22172
20900;27029
20960;24840
21100;22042
21110;24860
21120;25720
21130;25361
21140;22010
21150;20724
21160;25703
21180;22686
21195;23109
21200;20561
21210;24003
21220;21947
21230;24792
21240;22653
21250;25130
21260;25132
21270;23513
21280;25160
21290;24451
21310;23960
21330;22282
21340;21529
21350;26041
21360;23629
21370;23315
21380;22778
21410;27597
21420;22667
21430;24717
21450;22208
21480;23595
21490;19911
21500;23680
21510;24065
21520;0
21530;22557
21540;25154
21555;23173
21560;20133
21570;21418
21590;22720
21600;22737
21610;24555
21620;26864
21630;24468
21650;22011
21660;21006
21670;22285
21680;0
21710;21382
21720;0
21740;26453
21750;17750
21760;20384
21770;20901
21800;20547
21820;21651
21840;23813
21860;22014
21870;21718
21880;21037
21890;22432
21900;18871
21930;20248
22100;25352
22120;28845
22130;27673
22140;30148
22150;26053
22160;29442
22220;25926
22240;24649
22270;24314
22310;23462
22320;25863
22330;24157
22340;21425
22410;24900
22430;24893
22520;23850
22530;22755
22550;23088
22610;26055
22630;23458
22710;23452
22720;23616
22730;21780
22810;0
22820;23676
22830;24913
22840;21804
22910;25745
22920;20771
22930;0
22940;23486
22950;24766
23100;20928
23120;22641
23140;23481
23200;19646
23210;21106
23260;22937
23310;20119
23360;19252
23390;21052
23450;21606
23500;21670
23600;21790
23660;22499
23800;20978
23840;20297
23880;18473
23930;20480
23950;21745
23960;20868
24100;18099
24130;21235
24240;18821
24260;18119
24280;24067
24800;20562
24910;24980
25110;19538
25130;20991
25160;20465
25170;21121
25180;21525
25190;20661
25210;23180
25230;20068
25240;20950
25250;22279
25260;20847
25320;19899
25330;20107
25340;20341
25360;21642
25370;21445
25380;18537
25390;18413
25410;18611
25420;23566
25430;21839
25460;19082
25470;19551
25500;18805
25520;20891
25540;20042
25550;17757
25560;18808
25570;18443
25610;19936
25630;20169
25640;18609
25650;19047
25660;19898
25700;20051
25710;22925
25730;19592
25760;17170
25810;19161
25820;21161
25830;20087
25840;19838
25860;19211
25870;19108
25900;17791
25910;0
25930;19590
25940;16829
25950;20575
25960;18485
26100;20078
26200;23820
26410;25500
26510;22672
26560;23361
26660;21064
26720;26807
26740;22786
26820;19837
26840;22856
26910;24653
26930;21466
26950;23502
27100;23010
27110;24163
27130;21475
27150;24539
27160;0
27170;20936
27220;22367
27230;21148
27250;20062
27260;18221
27310;21874
27320;22377
27340;22097
27400;18877
27420;22601
27430;20103
27450;22156
27500;23046
27510;21396
27600;19957
27640;19737
27650;18498
27670;20212
27710;20154
27730;20419
27740;17996
27750;21347
27800;21581
27820;22039
27840;22063
27860;20754
27910;21209
27920;21632
28100;18245
28120;19466
28130;18654
28190;18094
28200;22778
28220;23171
28240;23309
28260;21812
28300;25090
28330;19382
28360;19857
28370;17033
28400;21236
28430;23860
28450;21950
28500;17367
28540;23939
28560;23808
28580;21716
28600;23901
28610;22173
28660;23374
28760;22247
28800;19945
28840;20647
28880;18276
28900;19010
29100;22762
29180;20982
29200;20431
29250;20574
29270;18720
29280;21015
29310;20955
29320;20637
29340;19761
29350;19207
29570;23704
29600;21851
29630;18662
29640;17160
29680;16797
29700;18271
29720;19300
29740;19794
29750;19170
29760;18593
29790;18894
29810;17061
29830;17781
29860;16168
29880;14727
29900;18319
29940;15932
30100;20128
30300;16482
30420;19303
31110;20126
31130;21551
31140;21024
31160;17873
31170;16736
31230;16982
31250;23932
31300;21343
31310;18063
31340;20338
31350;20169
31370;0
31380;21097
31400;19175
31410;19978
31450;22273
31460;19975
31470;21097
31490;21085
31500;19606
31520;20366
31530;21633
31600;21318
31610;20945
31620;21602
31630;21761
31640;19151
31650;21378
31700;20260
31720;18258
31730;19151
31750;15153
31760;18382
31810;19059
31830;17600
31850;19884
31860;16624
31900;17907
31930;17952
31950;16621
31960;16534
31970;19671
32100;18887
32140;20347
32200;19547
32210;20147
32250;21287
32260;15928
32270;19742
32280;17666
32300;18993
32410;22714
32430;20936
32440;18306
32450;18525
32500;19885
32520;20152
32560;21983
32610;19929
32620;18396
32700;19582
32710;23321
32730;19125
32740;18823
32760;18191
32770;17434
32800;19167
32810;20108
32830;20247
32860;21023
32910;18387
32920;17425
33100;20324
33180;20601
33200;20426
33210;19608
33230;22657
33240;25378
33250;22470
33270;22028
33300;22444
33310;18769
33330;20821
33340;22883
33380;15143
33400;21514
33410;19589
33420;21981
33430;23238
33450;24955
33470;20521
33480;24378
33500;19850
33520;20460
33530;18797
33540;17859
33560;21166
33580;22860
33610;25327
33680;22824
33700;22993
33710;20608
33720;16507
33730;24692
33800;19320
33820;22447
33840;19212
33850;18806
33870;22543
33880;23320
33900;20413
33920;27004
33950;23776
33960;24291
33980;25915
34110;26075
34130;23279
34140;23366
34150;22680
34180;19891
34240;23166
34260;20803
34270;19899
34300;18139
34320;19512
34330;19436
34410;18534
34420;19560
34430;20297
34450;17035
34510;17002
34530;17105
34550;15497
34600;18272
34640;19441
34710;19618
34730;15997
34740;17116
34770;17355
34800;18626
34870;16758
34910;16177
34930;17718
34950;19735
34970;19786
34980;16101
35100;21044
35220;18361
35240;18461
35260;0
35270;17422
35300;19248
35320;19813
35400;17787
35420;19028
35480;16138
35500;18591
35520;18061
35530;18882
35540;23902
35550;20595
35600;20153
35610;19421
35630;20564
35700;19306
35740;21645
35750;18594
35800;19581
35820;20885
35990;17781
36100;27029
36110;26029
36120;23173
36200;22357
36220;21700
36240;23720
36270;23699
36280;21508
36340;21855
36420;21985
36430;22026
36450;19892
36520;20539
36570;21147
36600;20958
36640;23395
36660;21838
36720;19267
36760;18432
36810;20718
36840;18195
36880;16460
36910;18068
36930;17510
37100;19270
37120;24221
37130;23054
37140;25458
37150;22556
37180;21883
37200;22907
37210;0
37240;20543
37310;24191
37350;23496
37370;20782
37380;19848
37420;22844
37470;24419
37500;22050
37530;22844
37550;25106
37560;25902
37570;24744
37600;20753
37630;22657
37700;20766
37720;22034
37740;19820
37770;20580
37800;20820
37830;20926
37850;22667
37860;24595
37900;19203
37910;20576
37960;19427
38100;21251
38120;20786
38130;0
38140;20478
38200;19130
38210;19349
38220;20225
38250;21782
38270;17593
38280;20072
38300;20271
38360;18769
38420;22724
38460;20376
38470;18724
38490;19510
38510;18826
38600;17847
38650;15867
38670;16988
38680;16624
38700;19829
38710;17060
38720;18217
38740;19980
38750;19247
38760;21565
38770;20325
38800;18131
38840;19004
38860;17054
38910;18505
38920;18553
38950;17519
38970;16242
39100;20652
39110;21975
39130;23120
39150;24342
39160;25999
39170;22998
39180;21895
39195;16889
39200;21120
39230;20048
39290;20359
39310;19952
39340;21772
39360;23071
39380;20329
39410;19954
39430;18433
39450;17663
39500;19338
39530;19810
39580;18246
39590;18797
39610;16894
39620;18899
39660;18113
39700;18791
39750;18226
39770;16974
39780;21591
39810;18875
39820;17564
39880;15219
39920;17381
39930;17454
39940;19141
39960;18078
39965;17022
39980;16210
39990;17826
40100;17548
40200;21184
40250;23141
40270;23078
40320;19702
40340;17081
40400;22041
40420;22943
40500;18944
40520;20257
40530;23392
40600;19417
40620;19063
40630;22164
40640;18747
40660;23814
40700;17405
40720;19590
40740;16923
40800;21787
40820;20218
40900;21897
40930;25083
40950;23930
41120;26102
41140;24075
41160;22785
41180;21664
41210;23946
41220;20053
41230;19349
41240;17906
41260;18735
41270;19391
41290;25122
41310;23538
41325;22733
41330;22364
41340;21193
41350;21609
41360;20397
41370;22292
41390;22124
41400;20218
41410;20702
41440;21145
41450;22961
41490;19547
41500;17875
41520;18179
41530;16487
41540;17628
41550;15756
41560;15671
41580;18819
41630;20952
41660;20009
41710;19244
41730;0
41750;18094
41770;16613
41800;20299
41820;22896
41840;19592
41860;24595
41870;17890
41880;18290
41900;19850
41920;23797
41925;18646
41930;23205
41940;23269
41970;18298
41980;18043
42100;20455
42140;23597
42220;20849
42300;19893
42330;24488
42440;17465
42520;18387
42560;24012
42600;17483
42660;15594
42700;19354
42720;0
42800;18509
42820;18902
42830;17415
42840;17765
42850;19170
42870;18808
42910;17649
42930;16641
43100;18356
43130;22530
43170;16214
43220;18234
43240;17546
43250;18355
43270;18125
43300;16971
43340;16761
43390;17079
43420;17290
43430;17349
43440;15734
43480;17447
43490;17810
43500;18048
43520;14956
43540;15652
43560;16428
43610;17387
43640;17115
43660;18176
43700;18388
43720;13989
43800;17085
43840;18539
43900;17549
43940;14451
43960;15653
44100;19270
44120;22267
44150;20342
44160;22795
44170;23808
44190;22120
44200;19082
44220;20470
44250;23496
44260;20310
44280;18780
44300;18547
44320;16939
44330;21143
44350;17419
44370;17791
44400;18356
44420;22131
44440;16442
44460;17216
44480;19906
44500;18151
44530;19080
44580;16551
44590;17932
44610;17955
44630;16255
44640;19405
44670;20057
44680;22274
44730;18218
44740;16932
44760;16032
44770;0
44790;19814
44800;17666
44860;18589
44880;16565
44910;16856
44920;19996
44950;16751
44970;17069
45100;20207
45120;23593
45130;18861
45150;19577
45160;19219
45200;19796
45330;21985
45360;23702
45370;22015
45410;22186
45460;19640
45610;21741
45700;20371
45720;22932
45740;21711
45750;16509
45810;22640
45910;19979
45940;19931
46110;18624
46140;19711
46230;19301
46400;19177
46430;21483
46450;19390
46530;18672
46570;13768
46710;18263
46730;19127
46750;20380
46800;20190
46810;21047
46860;19965
46900;20763
46910;21805
46930;20735
46950;18922
46960;20867
47110;20037
47150;20847
47200;18552
47260;17426
47310;19375
47350;21372
47400;19752
47440;21153
47450;20882
47460;20575
47490;18521
47520;26145
47540;20449
47610;17218
47650;21953
47710;18995
47760;16928
47810;20292
47830;19824
47850;19476
47900;19199
47910;0
48100;18711
48130;21221
48200;15704
48210;23542
48220;19933
48230;18134
48300;22820
48310;24874
48350;15479
48400;22169
48410;23403
48600;18631
48700;18935
48710;23383
48720;22333
48750;20095
48770;20578
48800;23570
48810;22084
48900;18874
48910;20970
48930;24370
49200;24479
49210;22305
49220;22299
49240;22161
49270;19152
49290;20390
49300;20843
49340;18597
49400;20416
49410;20297
49420;22636
49460;18548
49480;22452
49490;21570
49510;19094
49520;20883
49540;19097
49570;19288
49610;16913
49630;17279
49640;20328
49660;19037
49700;17317
49720;17602
49730;16712
49750;18825
49760;18987
49770;17572
49780;22938
49840;18622
49860;19213
49900;18969
49930;17150
49960;18459
49980;22235
50100;19201
50120;19286
50130;20392
50150;21914
50160;17678
50170;21098
50180;24564
50190;19584
50200;22320
50300;20620
50350;22615
50500;21003
50520;22059
50600;23399
50670;20610
50700;24346
50770;20742
50800;24067
50970;21459
51130;15239
51200;17629
51260;19393
51270;18203
51310;18904
51335;23179
51340;16443
51360;17608
51380;19595
51420;19510
51430;19437
51440;18847
51450;15782
51460;19303
51520;19978
51540;17886
51600;17563
51620;0
51670;15884
51720;23890
51740;20616
51760;21402
51780;19433
51810;17286
51820;20301
51850;18612
51860;22552
51880;17816
51890;21130
51900;18497
51930;21390
51940;18537
51980;19596
52100;19977
52110;22558
52150;20482
52200;18893
52230;17273
52270;17210
52300;20502
52320;22350
52330;19647
52340;20209
52360;15793
52420;17183
52510;18504
52520;20189
52550;17678
52610;17687
52620;17744
52700;18850
52720;18350
52730;17803
52740;17375
52760;17278
52780;16644
52830;17089
52850;15682
52890;15013
52920;18227
52960;20581
52970;16929
52980;15072
53100;19724
53130;22663
53200;20462
53300;20842
53400;23491
53420;22640
53500;22544
53550;23754
53600;19903
53650;20664
53810;18280
53830;23997
53850;17419
53900;20682
53920;19517
53950;20087
54100;20315
54110;22859
54120;21362
54190;15896
54230;19323
54250;18125
54260;24385
54270;18863
54300;21238
54310;23461
54330;21552
54390;17144
54410;18715
54430;17421
54460;16367
54490;17903
54500;18599
54510;19411
54530;22401
54550;14641
54580;15540
54590;19066
54710;18631
54720;18746
54750;16698
54770;17675
54800;18606
54820;19616
54850;22480
54915;23517
54920;22477
54930;16693
54940;19522
54950;16983
54960;22021
55100;20640
55120;19015
55300;21602
55320;20973
55330;18689
55400;22439
55420;21848
55510;17153
55610;19248
55700;22819
55800;19030
55910;20670
56100;19741
56120;23879
56140;17889
56210;21121
56310;18463
56330;19518
56350;0
56410;20568
56440;18371
56510;20666
56550;20807
56610;18676
56640;16580
56710;18038
56730;18604
56800;18476
57100;17135
57120;0
57130;18002
57170;17007
57200;20072
57210;20920
57220;16732
57230;18017
57310;19894
57510;22152
57600;22183
57710;21443
57810;21093
58130;18130
58140;17202
58150;20741
58160;17536
58170;20517
58175;17276
58180;16492
58200;18024
58220;20413
58260;18224
58300;15652
58320;20089
58350;14663
58360;13850
58390;17160
58410;21995
58420;21769
58430;21802
58450;22453
58500;18741
58520;19844
58550;18261
58570;16071
58580;17070
58610;15798
58620;15432
58650;16348
58680;19568
58690;19802
58700;17450
58720;15551
58770;17951
58810;19171
58830;17311
58850;19182
58900;17804
58910;17582
58920;17999
58940;19755
59100;18426
59130;19898
59210;18078
59310;19789
59320;18387
59410;16528
59510;15403
59520;19433
59530;17419
59610;14881
59710;18213
59720;17317
59730;17462
59800;17588
59810;18140
59820;18862
60100;18484
60120;19900
60150;20190
60200;23934
60220;20227
60280;15253
60320;22013
60420;25259
60450;23977
60510;24544
60550;22608
60560;24568
60640;23855
60720;25713
60760;23927
60800;20851
61100;18859
61110;20753
61120;23748
61140;20506
61150;18224
61160;20583
61170;17783
61180;19401
61220;20972
61230;18992
61250;22749
61270;21812
61280;20222
61290;18363
61300;19298
61310;20348
61330;20273
61340;18769
61350;20215
61360;20657
61370;18706
61380;19990
61400;19145
61410;20903
61430;21135
61440;22713
61450;18478
61460;20687
61470;24913
61500;19525
61520;17800
61550;20205
61560;19289
61600;19052
61630;20729
61640;19521
61650;18270
61680;21484
61710;20403
61720;18399
61730;17094
61760;16243
61800;19468
61810;19217
61820;18601
61840;17565
61850;19079
61860;21538
61880;16771
61910;16806
61920;16155
61940;17790
61950;16074
61960;14893
61980;17583
62100;20877
62130;20039
62150;24502
62160;21431
62165;19727
62170;17583
62175;17292
62185;20823
62190;23246
62200;19910
62220;20968
62230;19668
62240;16635
62260;17041
62280;18704
62290;18492
62295;17024
62300;19986
62310;19070
62340;18312
62350;20008
62370;19150
62375;19772
62380;17695
62395;15625
62410;18760
62420;18176
62430;20075
62435;20310
62440;19198
62470;18081
62500;19654
62510;21280
62520;19333
62540;21491
62570;19352
62600;18325
62610;17255
62620;16422
62630;16635
62640;16928
62660;18645
62710;17806
62720;20858
62730;19741
62740;20543
62750;17034
62760;15691
62800;19397
62810;15287
62830;22132
62840;20912
62860;19175
62870;22237
62880;18180
62900;18826
62920;16139
62940;18797
62950;19176
62990;14027
63100;19727
63120;16861
63130;20293
63150;18559
63160;17454
63210;18852
63230;18279
63250;20520
63300;19078
63320;15809
63330;18507
63340;18249
63350;18990
63355;16090
63360;16541
63370;18847
63400;18833
63410;18174
63430;16177
63450;16683
63500;16878
63510;16768
63530;17455
63540;18593
63600;16938
63610;20139
63640;18099
63660;17274
63680;18331
63700;18890
63770;20373
63780;17994
63800;17837
63830;13020
63880;16302
63890;16405
63900;19473
63910;18770
63920;21190
63950;15608
64100;20234
64140;19531
64200;18734
64210;23318
64220;21385
64230;21683
64240;19927
64250;19883
64260;20422
64300;19085
64320;17275
64350;18031
64370;18591
64440;16596
64450;18171
64460;16565
64480;17102
64490;16506
64510;20377
64530;19240
64550;20286
64610;18578
64700;18111
64720;19016
64740;15439
64760;18407
64770;19952
64810;17972
64820;17738
64830;15870
64840;18695
64850;18668
64900;18185
64930;17123
65100;18513
65130;0
65170;24648
65200;16555
65230;22926
65280;25781
65300;26809
65320;21970
65350;21037
65370;19171
65380;22151
65410;25301
65450;24613
65460;25570
65470;23289
65480;23175
65520;23931
65610;23624
65630;25202
65650;23969
65710;25075
65730;22771
65760;23113
65800;23268
65870;18864
65920;21843
65930;21115
65970;18583
66100;21538
66140;20680
66160;19723
66200;19257
66210;20164
66220;20278
66230;17898
66240;18728
66260;19347
66270;18203
66280;18213
66290;18018
66295;17635
66300;18642
66320;17332
66330;18452
66340;18242
66350;15586
66360;18059
66370;16773
66400;22728
66420;22568
66430;22794
66440;21417
66450;21754
66460;20089
66470;21094
66500;21165
66510;23126
66520;21893
66530;22724
66540;22208
66550;22747
66560;21715
66580;22995
66590;21235
66600;21234
66640;21522
66660;22382
66680;18173
66710;22258
66730;18752
66800;21029
66810;20243
66820;17623
66830;21572
66840;20277
66850;20416
66900;21056
66910;24614
66930;23036
66950;20980
66970;20755
66980;19398
66999;17803
67100;18603
67200;20198
67300;22859
67400;23975
67410;21995
67500;22156
67600;23230
67700;23156
67800;18276
67900;21113
68100;18792
68150;18114
68210;19866
68220;21950
68230;20482
68240;18307
68300;21256
68320;23205
68370;19133
68380;19952
68390;21443
68410;21644
68500;20642
68530;24414
68550;22687
68555;22632
68560;22301
68570;22773
68580;23250
68600;20632
68620;21464
68630;23049
68660;19127
68690;20730
68700;20633
68750;17315
68800;22546
68810;22661
68820;21206
68830;23355
68840;18369
68870;19909
68910;21512
68920;23580
68930;22292
68940;19770
68970;17239
68999;19891
69100;20551
69150;18987
69170;20825
69300;19465
69310;20884
69330;18817
69340;23309
69410;18023
69420;20258
69440;18716
69450;17152
69510;18125
69550;16279
69570;18351
69600;20963
69660;18778
69700;19216
69730;22605
69750;18154
69820;18288
69830;17512
69850;19353
69910;13949
69920;18237
69950;19290
69970;0
69980;19539
70100;19676
70110;17750
70150;18076
70200;19025
70210;18283
70240;22206
70260;24365
70280;20605
70300;21913
70340;20041
70400;23996
70420;22128
70460;18662
70500;18052
70600;18398
70620;19173
70700;20153
70780;21379
70800;23975
70820;22689
70840;26195
70870;24773
70900;26020
70910;23303
70940;24908
71130;21240
71150;21775
71160;21350
71170;18931
71200;16676
71210;18578
71240;18826
71260;14318
71280;17033
71310;18269
71330;21184
71360;18974
71380;18043
71460;24325
71470;22086
71480;25754
71490;23376
71520;26063
71570;24861
71610;0
71640;17218
71650;22319
71660;17587
71670;18498
71680;19282
71690;0
71720;24504
71730;21103
71740;22332
71745;20305
71750;18519
71760;19956
71775;17879
71800;21857
71820;22565
71840;22824
71850;22085
71870;25210
71890;23251
71910;22013
71920;21011
71950;20142
71960;17472
72100;18408
72140;0
72210;17081
72220;15213
72300;16924
72310;16050
72330;16285
72350;17984
72360;15970
72380;19130
72400;17341
72430;17887
72490;0
72510;16591
72530;16740
72550;17958
72570;17990
72600;17898
72630;19993
72710;19149
72740;16558
72810;15034
72840;16549
72930;16983
72950;15597
72980;17999
73100;19804
73110;17882
73120;21428
73200;17216
73230;19118
73250;17177
73300;18065
73310;27585
73320;19709
73350;21390
73360;22178
73410;20468
73460;18225
73470;20184
73500;18389
73600;16740
73620;17102
73640;14873
73645;16344
73670;16946
73710;16660
73730;15187
73770;17076
73810;18276
73830;17839
73850;20571
73860;0
73900;15697
73970;0
73990;15360
74100;17889
74120;20495
74130;20165
74140;22590
74150;20135
74160;23186
74170;22485
74200;18612
74230;19758
74240;16732
74250;16124
74270;20228
74300;18271
74340;16299
74345;15974
74360;19383
74380;14931
74390;16656
74420;20557
74470;17617
74490;15689
74510;19738
74520;23727
74540;18058
74550;16404
74590;20648
74595;18234
74610;20681
74630;16787
74640;17347
74670;22675
74680;17886
74700;17807
74720;19541
74740;18891
74770;15375
74840;18183
74940;19657
74980;15516
75500;17936
75530;18517
75650;18343
75680;17569
75700;16952
75710;18896
75740;16814
75770;16506
75790;16906
75840;15698
75890;16307
75930;15263
75940;0
75970;20436
75990;15509
76100;18425
76120;19654
76130;21241
76150;18791
76280;21266
76620;23235
76780;22302
76850;20951
76940;19177
77110;20059
77120;17907
77140;15520
77220;19404
77240;20646
77320;18514
77330;17350
77350;18245
77380;19179
77430;19106
77460;19908
77480;19953
77520;17612
77570;17320
77580;19857
77600;18884
77630;22255
77690;18667
77700;17633
77770;17768
77800;18092
77910;20370
77930;17008
77960;0
78200;16296
78210;20703
78250;20381
78300;18361
78310;23320
78400;22537
78480;24270
78500;21740
78610;22013
78710;21762
78850;20313
78870;19554
78880;21880
78900;21631
79100;19499
79130;18385
79140;22630
79150;21303
79160;21470
79180;14029
79190;15364
79230;16094
79255;18822
79265;21985
79330;19191
79350;22248
79410;20185
79480;18592
79520;15414
79600;18824
79620;19526
79630;20731
79660;17935
79680;18265
79690;16309
79700;17813
79810;20449
79820;17993
79830;14321
79850;0
79860;16094
79885;18391
79895;19907
79910;19427
79940;15193
80100;17127
80110;17626
80130;20387
80140;19634
80160;18115
80170;20337
80200;18062
80210;0
80220;18201
80230;22347
80260;20663
80330;22910
80400;23109
80510;24120
80710;23921
80770;23353
80780;25255
80790;19012
80850;21868
80910;24309
81100;20127
81120;19546
81160;16551
81200;18174
81210;20788
81220;23480
81230;22347
81235;22316
81260;22497
81270;20517
81280;18192
81290;15957
81295;18296
81320;0
81330;16853
81350;15056
81360;14872
81390;17246
81420;16535
81430;15606
81450;14852
81460;0
81470;14503
81560;16904
81570;16629
81590;17318
81650;16044
81660;0
81700;17762
81720;18059
81750;18329
81810;20469
81820;17824
81850;16028
81860;14920
81950;21288
81970;18011
82110;22013
82120;20062
82140;18166
82160;17068
82170;17439
82180;15266
82200;19279
82210;21552
82220;23927
82290;18075
82300;16048
82310;15808
82335;15804
82350;21341
82360;19095
82380;18876
82395;20589
82430;17276
82460;19825
82490;15718
82500;17993
82510;19242
82580;16922
82590;16206
82600;17930
82655;15285
82660;15565
82670;18112
82675;16656
82685;20025
82710;18501
82730;17208
82750;15075
82760;19780
82770;0
82815;16856
82820;17525
82830;17275
82840;16736
82850;18257
82865;17884
82870;0
82880;0
82900;17761
82915;18903
82960;16506
82967;15261
82980;17184
83100;18129
83130;22886
83140;18244
83150;17355
83160;15517
83320;19628
83330;16547
83340;18147
83400;17436
83430;22547
83450;21890
83460;24179
83480;19781
83500;17450
83550;17945
83630;18318
83660;20059
83700;16581
83720;19944
83750;23469
83760;16071
83780;17981
83825;18968
83830;15687
83835;14719
83840;13865
83855;15017
83870;16527
83880;13514
83900;17357
83910;15907
83915;0
83940;16539
83950;16244
83960;16285
83985;0
84100;21136
84460;21783
84540;22637
84650;21175
84770;19647
84880;21917
85100;21098
85120;19694
85140;20921
85150;17313
85160;20066
85180;18592
85200;19406
85210;21271
85230;17515
85310;20255
85320;17704
85340;22316
85410;20124
85430;20656
85450;20908
85470;18219
85500;20135
85540;21999
85560;18155
85580;19406
85620;20129
85630;20579
85640;18889
85660;18536
85710;18220
85730;17449
85800;19321
85820;18551
85840;20263
85900;18418
85930;19333
85940;20421
85980;19415
86100;20235
86110;22009
86160;19523
86170;20234
86210;20869
86220;17964
86230;15833
86240;21167
86300;20213
86350;19706
86360;19626
86400;18600
86440;16910
86460;18486
86470;17599
86480;21789
86510;18964
86530;18568
86550;18505
86600;19448
86650;18255
86680;20638
86690;15624
86710;18406
86790;0
86800;18205
86810;21277
86850;16045
86870;18271
86900;20122
86980;19644
87100;18239
87150;21169
87200;21971
87250;22512
87300;18431
87400;20633
87500;21256
87700;19870
87800;23423
87830;22377
87850;24537
87900;22701
87910;24097
87930;19649
87950;25249
87970;22621
88120;17295
88200;18950
88270;19129
88300;17605
88310;17904
88340;17385
88350;17713
88380;20416
88400;18299
88440;19464
88460;22622
88470;18921
88490;20218
88530;19784
88600;19629
88610;22078
88615;0
88620;21807
88640;21386
88670;18731
88690;16713
88730;16497
88740;17638
88760;15993
88820;0
88900;18185
88930;17527
88940;0
89110;18296
89140;15425
89200;17071
89210;17117
89320;14714
89330;17044
89400;16967
89430;20747
89440;17624
89540;14854
89560;17544
89600;18546
89610;14397
89640;19074
89660;15670
89670;13948
89680;13880
89730;14105
89740;16701
89760;14039
89770;17324
89780;14696
89800;18976
89830;14519
89840;14171
89920;16076
90100;18983
90120;18905
90130;19232
90140;21577
90150;20603
90220;15352
90230;23065
90240;23391
90250;17663
90310;24601
90400;18482
90410;24465
90420;25050
90440;22233
90450;25610
90460;23789
90470;22704
90480;20539
90500;17105
90510;23155
90520;17546
90530;17875
90540;26907
90550;19212
90560;19902
90570;14949
90580;19202
90590;0
90620;20520
90630;25303
90650;23063
90660;24627
90670;26949
90800;23493
90810;24768
90820;23497
90830;22288
90840;22943
90850;21573
90860;22028
90900;23318
90910;25134
90940;23731
91100;21814
91110;22232
91140;17767
91150;17019
91200;19004
91210;20624
91240;16817
91260;16628
91300;20307
91310;20921
91410;24016
91430;20740
91500;21424
91510;24140
91560;15595
91600;18358
91620;17402
91630;15060
91640;16335
91660;17585
91670;0
91700;17792
91710;17125
91720;16861
91730;17008
91740;15133
91750;17325
91760;17535
91780;18563
91790;19338
91800;23286
91900;23716
91910;27015
91930;21749
91950;19302
91980;21390
92100;19992
92120;21303
92130;22991
92140;23394
92150;17520
92160;22293
92180;18827
92210;23495
92220;23471
92230;23313
92240;21705
92260;23778
92320;21040
92330;19252
92350;22512
92400;19335
92430;18832
92440;22776
92450;19128
92470;22158
92500;17698
92520;18788
92530;18713
92600;18385
92610;16863
92620;19327
92640;16579
92650;16558
92700;17294
92810;18193
92830;20232
92910;20216
92920;19407
92930;19752
93100;18388
93140;17787
93160;16745
93170;18165
93180;0
93187;18799
93190;14182
93195;12122
93220;15496
93225;16389
93240;14366
93250;14454
93270;18312
93277;17852
93280;19504
93290;18160
93350;15224
93390;14530
93400;18660
93420;18232
93440;18293
93470;15948
93540;16752
93590;14833
93600;19885
93700;19065
93800;20261
93830;21886
93900;17111
93999;0
94100;17914
94200;19668
94300;21446
94400;20744
94430;22581
94450;25389
94460;18136
94500;20508
94600;23169
94700;20534
94720;22374
94800;0
94830;18852
94900;22855
95100;17911
95110;20902
95130;18328
95160;14767
95200;19217
95210;22771
95220;22252
95225;18900
95230;21014
95255;16971
95260;16590
95270;16826
95300;19321
95310;23056
95315;21960
95325;21880
95330;18429
95340;19021
95350;0
95355;16894
95365;21380
95370;21983
95375;22150
95400;17702
95410;22247
95420;20232
95430;18792
95440;22206
95450;25754
95460;22973
95470;22575
95490;0
95500;23882
95520;20929
95530;19571
95540;20112
95560;19962
95590;19176
95600;19593
95610;18429
95615;20162
95620;17715
95630;22086
95635;19498
95640;16127
95645;18659
95655;17529
95660;16326
95670;15080
95675;16045
95680;15767
95690;16206
95700;19255
95710;20460
95720;17178
95750;15542
95760;18178
95770;16280
95780;16827
95790;17473
95800;17621
95830;18046
95840;14821
95850;0
95860;20035
95900;20401
95920;20054
95930;20262
95940;14031
95950;17692
95970;21284
95980;22601
95990;20844
96100;19063
96190;24026
96200;19131
96300;17296
96320;0
96400;21576
96440;20257
96460;25279
96500;20893
96600;25063
96700;25866
96800;24387
96900;24682
96910;22500
96930;20442
96960;22921
97110;23078
97130;24018
97140;19310
97145;0
97160;21098
97170;21099
97220;22917
97240;18314
97250;16627
97280;19906
97290;19244
97310;17182
97320;16149
97330;15643
97335;15240
97340;15717
97370;14452
97380;0
97390;14127
97420;16518
97430;0
97470;19241
97510;21122
97520;21217
97530;19204
97540;14915
97580;16714
97590;0
97610;21948
97615;0
97620;19721
97625;17016
97630;15179
97635;20869
97645;15549
97650;16266
97655;17259
97665;13400
97670;20144
97675;18177
97680;20010
97685;13295
97690;18715
97700;18390
97715;16482
97720;17030
97760;19436
97765;15755
97780;21111
97785;18926
97810;0
97815;17823
97820;15221
97840;18068
97850;13881
97870;16972
97880;14922
97890;17415
97895;15706
97900;17141
97920;15041
97925;13704
97940;16390
97950;0
97960;14768
97965;15961
97970;15418
97980;15294
97999;0
98100;19226
98120;18428
98230;16628
98310;20777
98350;18437
98360;15048
98400;21785
98420;19085
98440;20861
98450;19083
98500;18636
98510;17292
98530;21669
98550;0
98560;18064
98570;0
98580;17860
98600;17349
98620;14727
98630;14174
98660;18614
98710;17002
98720;14004
98760;15505
98770;13799
98780;17378
98790;15443
98800;18713
98810;18919
98820;15196
98830;15891
98840;0
98850;15635
98900;18672
98920;18669
98930;14575
98950;18178
98960;16644
98970;16545
98980;14303
98995;16668
99100;21983
99110;19992
99120;16810
99130;23845
99135;0
99140;24677
99150;19362
99160;14122
99170;0
99180;16948
99190;17975
99195;0
99230;15045
99240;0
99250;20368
99270;14905
99280;21433
99290;17113
99300;20972
99310;20082
99320;21488
99330;0
99340;16346
99360;20354
99400;18385
99410;15880
99420;17316
99430;15399
99440;14220
99450;15921
99460;18874
99470;18992
99490;23316
99510;18338
99520;0
99530;19769
99540;21138
99550;19918
99555;20388
99560;21610
99600;21570
99610;21902
99620;22002
99640;17034
99645;14450
99650;23503
99655;16660
99660;18816
99665;22402
99670;0
99690;19083
99695;0
99710;19468
99720;17133
99740;18222
99750;15684
99760;0
99770;16259
99800;21359
99830;23185
99860;15416
99870;20343
99885;13733
99910;14958
99930;16891
99940;0
99950;20854
99980;20153
99990;21797
